continent, 2010-2100_population_change_rate
Europe,-0.77948628887
Oceania,0.564221554337
Africa,2.36729836816
Asia,0.859386311148
North America,1.29964247463
South America,1.33138580349
