continent, 2010_population_density
Europe,128.780789856
Oceania,4.37773967505
Africa,37.0687005657
Asia,99.2274130996
North America,23.542125303
South America,23.7249839024
